filename,width,height,class,xmin,ymin,xmax,ymax
Royalty free person photos _ Pikist.jpg,338,227,person,48,10,184,227
Dwayne _The Rock_ Johnson named Most....jpg,443,248,person,35,23,353,248
Being a More Mindful Person _ Get....jpg,1200,630,person,42,2,790,630
Person of the Year Is Ruining America....jpg,1160,773,person,201,51,1059,773
Collins English Dictionary.jpg,480,360,person,146,67,340,225
123-year-old Bolivian man is oldest....jpg,1000,750,person,41,4,955,750
Florence Pugh And Morgan Freeman....jpg,440,247,person,2,14,213,247
I_m So Over Being The Bigger Person....jpg,725,420,person,264,118,448,420
Donald R. Person_ Esq._ JAMS Mediator ....jpg,900,1080,person,6,45,900,1080
that racist attack changed my life.webp,680,425,person,218,22,590,425
Faces..But This Person Does Not Exist ....jpeg,1024,1024,person,3,29,1024,1022
How The Rock Became _The Most Likeable....jpg,1200,800,person,149,47,1139,800
The Boston Globe.jpg,1440,953,person,125,55,951,953
CPS to remain in-person after holiday....jpg,1400,1400,person,24,107,977,1400
Am I A Toxic Person_ Take the quiz to_yythkg....jpeg,2500,1307,person,1462,15,2469,1307
Killed Off Detective Carter In Season 3.jpg,767,450,person,159,1,613,450
Person Clipart PNG Images _ Vector and....jpg,360,360,person,131,41,221,318
Am I a Good Person__ What to Ask if Y....jpg,500,334,person,16,2,345,334
Donald Trump Says Violent Insurrection....jpg,2212,1475,person,482,205,2117,1475
Andrzej Person - Wikipedia.jpg,3000,4500,person,24,160,3000,4500
Person Everyone Respects.jpg,800,400,person,161,5,474,400
Impact of a Negative Person....jpg,1000,608,person,10,3,615,608
Become that Popular Person at Work....jpg,1920,1080,person,841,84,1623,1076
AIR POLLUTION.jpg,2000,1201,person,148,4,1817,1201
Biden denies _garbage_ report US would....jpeg,5724,3816,person,7,612,3482,3816
Best Friends The Average Person....jpg,767,767,person,7,56,722,767
CORONAVIRUS - CARICOM.jpg,1024,879,person,11,17,1024,879
Complete list of every TIME Person of....png,1200,630,person,637,54,1159,630
Root _ Person of Interest Wiki _ Fandom.jpg,2000,2587,person,74,67,2000,2587
Charming Happy Asian Female in White T....jpg,800,533,person,238,57,532,533
bill-gates-wealthiest-person _ Diethelm....jpg,557,600,person,1,21,557,600
Cognitive dissonance_ Definition....jpg,732,549,person,111,1,596,549
black person to be Irish....jpg,1200,1200,person,60,120,1166,1200
Person of the Year _ Time.jpg,407,271,person,77,7,304,271
Charli D_Amelio Is the Most Famous....gif,3500,2000,person,1262,47,2497,2000
Kyle Rittenhouse_ Illinois teen who....jpg,1600,900,person,172,42,1300,900
Person Perception - IResearchNet.jpg,1382,1080,person,153,125,1120,950
116-year-old Kane Tanaka from Japan....jpg,1065,600,person,225,4,883,513
cured of HIV_ Timothy Ray Brown_ dies....jpg,1024,576,person,409,3,959,576
person_ people_ in Thai _ Lingopolo.jpg,480,320,person,174,34,455,320
Download happy person png images....png,840,859,person,132,9,715,859
Blank Person Images_ Stock Photos....jpg,260,280,person,89,31,173,228
How to Become a Better Person.jpg,1941,1548,person,923,26,1655,1548
Curtis Persons - The Portland Clinic.jpg,300,300,person,2,24,300,300
color elected as Boston mayor....jpg,4428,2952,person,479,29,3304,2952
old_ young or middle-aged....jpg,2000,1200,person,753,31,1128,1187
Are You A Bad Person_ - Quiz - Quizony.com.webp,300,200,person,65,2,265,200
Stuart Person.jpg,600,800,person,1,48,600,800
Who is the cutest person in the world....jpg,1000,1249,person,126,19,900,1084
How Far Can a Healthy Person Walk in 8_yythk....jpeg,1333,1000,person,556,328,777,880
How to be an Authentic Person....png,1200,480,person,572,5,1009,480
How to Draw a Person - Easy Drawing Art.jpg,800,577,person,305,4,475,577
500_ Person Pictures [HD] _ Download....jpg,5184,3456,person,719,154,4403,3456
Third-Richest Person....jpg,2900,1994,person,264,132,1681,1994
Fully Functioning Person.jpg,500,350,person,149,77,500,350
Adam S. Kutner Accident & Injury Attorneys.jpg,640,446,person,151,96,551,435
Heartbreaking_ The Worst Person You....jpg,800,450,person,167,6,645,450
Avatar _people _person _business _ Free....jpg,1920,1920,person,99,352,1920,1920
What Kind of Person Are You....jpg,1920,1080,person,412,46,1517,1080
Are You a Beach Person_ - Ocean Reef....jpg,1500,834,person,438,230,1081,833
Persons _ Dunham Bush.jpg,588,588,person,11,46,582,588
Love With More Than One Person.jpg,800,534,person,136,53,742,534
Pierre Person - Wikipedia.jpg,2272,3408,person,107,185,2272,3408
Mentally Strong Person....jpg,1920,1080,person,363,3,1671,1080
First Person KS1....png,630,315,person,240,8,393,315
Person With Man and Woman Face · Free....jpeg,3614,5422,person,2,940,3614,5381
Are You a Highly Sensitive Person_ 14....jpg,820,547,person,194,1,680,483
Elon Musk named Time Person the of the....jpg,982,726,person,11,22,518,715
Dr. Stephen M. Person _ Acadiana ....jpg,245,306,person,6,21,243,306
Keanu Being Named Time_s Person....jpg,1500,1007,person,31,6,923,1007
How A 19-Person Cryptocurrency Startup....jpeg,960,641,person,157,9,778,639
Man person thinking icon Royalty Free....jpg,876,1080,person,243,21,560,958
2019 Person of the Year Is a Teenager....jpg,992,558,person,32,11,600,558
Madeline Person - BridgehouseLaw.png,1633,2210,person,14,53,1614,2210
A Fake Face Generator Built For _150....jpeg,1024,1024,person,4,3,898,1024
color elected to Chicopee City Council....jpeg,1280,924,person,248,46,1107,924
Most Powerful Person in the Room....jpg,1920,1080,person,663,30,1252,1080
TIME Person of the Year Interview....jpg,2057,2400,person,345,57,1567,2391
The _1 Sign You_re a Boring Person....jpg,1000,636,person,164,109,835,636
Person - Christopher C. Gibbs College ....jpg,300,300,person,42,62,266,300
Richest Person As LVMH Stock....jpg,1200,800,person,52,34,860,800
Sameen Shaw _ Person of Interest Wiki....jpg,2748,4128,person,139,79,2602,4128
Here_s What Certain Body Language Says....jpg,1920,1080,person,487,27,1550,1080
Amazon CEO Jeff Bezos.jpg,1280,720,person,90,7,840,720
How a writer found himself in a missing....jpg,930,558,person,286,117,700,552
First Person Point of View_ Me_ Myself....jpg,1280,630,person,60,60,515,630
Educating The Whole Person _ Georgetown.jpg,1050,1050,person,84,99,973,1050
We used to count black Americans as 3_5....png,1008,1008,person,27,97,1008,1008
Former Auburn assistant Chuck Person....jpg,1280,997,person,60,8,1194,958
File_Person icon BLACK-01.svg ....png,962,1024,person,296,57,673,969
Person to Person Health Interview Study....jpg,300,299,person,21,21,275,299
Mike Person Stats_ News_ Bio _ ESPN.png,350,254,person,29,24,334,254
Employment Background Checks for....jpg,1000,1000,person,150,37,937,1000
French Pronunciation 101 - Sound Like a....jpg,626,417,person,97,4,548,417
Dwayne _The Rock_ Johnson named Most... (1).jpg,3000,2028,person,968,124,2985,2028
positive to be a positive person....jpg,1200,675,person,507,2,1122,675
Thinking Person - Free photo on Pixabay.jpg,960,640,person,225,42,746,640
Madeline The Person Hits With Nostalgic....png,1200,675,person,220,2,1065,675
Most Average Person in America....jpg,1920,1080,person,558,3,1877,1080
Elon Musk Becomes World_s Second....jpg,700,525,person,308,65,679,525
Greta Thunberg was just named _Time....jpg,1280,720,person,264,32,1015,720
Person to Person Health Interview Study... (1).jpg,240,300,person,2,26,240,300
I_m a Person of Color and Everyone Is....jpg,2560,1707,person,484,62,1695,1640
An Awesome Person....jpg,1024,683,person,76,49,975,683
Felonious Munk_ Kemar Jewel_ Gabriela....jpg,500,334,person,8,6,424,334
Elon Musk_ Person of the Year 2021 _ Time.jpg,1000,549,person,73,8,865,549
Brian Sims_ “I_m just an average person....webp,1220,590,person,326,20,775,590
Jeff Bezos Becomes The First Person....jpg,1200,852,person,164,70,987,852
Double homicide of Utah newlyweds....jpg,860,693,person,18,36,819,693
What Is a Highly Sensitive Person_ (A....jpg,1150,701,person,493,141,717,701
Ricky Person_ Jr. - 2021 - Football ....jpeg,300,400,person,2,45,300,400
Why Would People Dislike a Nice Person....jpg,320,213,person,92,30,248,213
